label,label_name
0,sain
0,sain
0,sain
0,sain
0,sain
0,sain
0,sain
0,sain
0,sain
0,sain
0,sain
0,sain
0,sain
0,sain
0,sain
0,sain
0,sain
0,sain
0,sain
0,sain
0,sain
0,sain
0,sain
0,sain
0,sain
0,sain
0,sain
0,sain
0,sain
0,sain
0,sain
0,sain
0,sain
0,sain
0,sain
0,sain
0,sain
0,sain
0,sain
0,sain
0,sain
0,sain
0,sain
0,sain
0,sain
0,sain
0,sain
0,sain
0,sain
0,sain
0,sain
0,sain
0,sain
0,sain
0,sain
0,sain
0,sain
0,sain
0,sain
0,sain
0,sain
0,sain
0,sain
0,sain
0,sain
0,sain
0,sain
0,sain
0,sain
0,sain
0,sain
0,sain
0,sain
0,sain
0,sain
0,sain
0,sain
0,sain
0,sain
0,sain
0,sain
0,sain
0,sain
0,sain
0,sain
0,sain
0,sain
0,sain
0,sain
0,sain
0,sain
0,sain
0,sain
0,sain
0,sain
0,sain
0,sain
0,sain
0,sain
0,sain
0,sain
0,sain
0,sain
0,sain
0,sain
0,sain
0,sain
0,sain
0,sain
0,sain
0,sain
0,sain
0,sain
0,sain
0,sain
0,sain
0,sain
0,sain
0,sain
0,sain
0,sain
0,sain
0,sain
0,sain
0,sain
0,sain
0,sain
0,sain
0,sain
0,sain
0,sain
0,sain
0,sain
0,sain
0,sain
0,sain
0,sain
0,sain
0,sain
0,sain
0,sain
0,sain
0,sain
0,sain
0,sain
0,sain
0,sain
0,sain
0,sain
0,sain
0,sain
0,sain
0,sain
0,sain
0,sain
0,sain
0,sain
0,sain
0,sain
0,sain
0,sain
0,sain
0,sain
0,sain
0,sain
0,sain
0,sain
0,sain
0,sain
0,sain
0,sain
0,sain
0,sain
0,sain
0,sain
0,sain
0,sain
0,sain
0,sain
0,sain
0,sain
0,sain
0,sain
0,sain
0,sain
0,sain
0,sain
0,sain
0,sain
0,sain
0,sain
0,sain
0,sain
0,sain
0,sain
0,sain
0,sain
0,sain
0,sain
0,sain
0,sain
0,sain
0,sain
0,sain
0,sain
0,sain
0,sain
0,sain
0,sain
0,sain
0,sain
0,sain
0,sain
0,sain
0,sain
0,sain
0,sain
0,sain
0,sain
0,sain
0,sain
0,sain
0,sain
0,sain
0,sain
0,sain
0,sain
0,sain
0,sain
0,sain
0,sain
0,sain
0,sain
0,sain
0,sain
0,sain
0,sain
0,sain
0,sain
0,sain
0,sain
0,sain
0,sain
0,sain
0,sain
0,sain
0,sain
0,sain
0,sain
0,sain
0,sain
0,sain
0,sain
0,sain
0,sain
0,sain
0,sain
0,sain
0,sain
0,sain
0,sain
0,sain
0,sain
0,sain
0,sain
0,sain
0,sain
0,sain
0,sain
0,sain
0,sain
0,sain
0,sain
0,sain
0,sain
0,sain
0,sain
0,sain
0,sain
0,sain
0,sain
0,sain
0,sain
0,sain
0,sain
0,sain
0,sain
0,sain
0,sain
0,sain
0,sain
0,sain
0,sain
0,sain
0,sain
0,sain
0,sain
0,sain
0,sain
0,sain
0,sain
0,sain
0,sain
0,sain
0,sain
0,sain
0,sain
0,sain
0,sain
0,sain
0,sain
0,sain
0,sain
0,sain
0,sain
0,sain
0,sain
0,sain
0,sain
0,sain
0,sain
0,sain
0,sain
0,sain
0,sain
0,sain
0,sain
0,sain
0,sain
0,sain
0,sain
0,sain
0,sain
0,sain
0,sain
0,sain
0,sain
0,sain
0,sain
0,sain
0,sain
0,sain
0,sain
0,sain
0,sain
0,sain
0,sain
0,sain
0,sain
0,sain
0,sain
0,sain
0,sain
0,sain
0,sain
0,sain
0,sain
0,sain
0,sain
0,sain
0,sain
0,sain
0,sain
0,sain
0,sain
0,sain
0,sain
0,sain
0,sain
0,sain
0,sain
0,sain
0,sain
0,sain
0,sain
0,sain
0,sain
0,sain
0,sain
0,sain
0,sain
0,sain
0,sain
0,sain
0,sain
0,sain
0,sain
0,sain
0,sain
0,sain
0,sain
0,sain
0,sain
0,sain
0,sain
0,sain
0,sain
0,sain
0,sain
0,sain
0,sain
0,sain
0,sain
0,sain
0,sain
0,sain
0,sain
0,sain
0,sain
0,sain
0,sain
0,sain
0,sain
0,sain
0,sain
0,sain
0,sain
0,sain
0,sain
0,sain
0,sain
0,sain
0,sain
0,sain
0,sain
0,sain
0,sain
0,sain
0,sain
0,sain
0,sain
0,sain
0,sain
0,sain
0,sain
0,sain
0,sain
0,sain
0,sain
0,sain
0,sain
0,sain
0,sain
0,sain
0,sain
0,sain
0,sain
0,sain
0,sain
0,sain
0,sain
0,sain
0,sain
0,sain
0,sain
0,sain
0,sain
0,sain
0,sain
0,sain
0,sain
0,sain
0,sain
0,sain
0,sain
0,sain
0,sain
0,sain
0,sain
0,sain
0,sain
0,sain
0,sain
0,sain
0,sain
0,sain
0,sain
0,sain
0,sain
0,sain
0,sain
0,sain
0,sain
0,sain
0,sain
0,sain
0,sain
0,sain
0,sain
0,sain
0,sain
0,sain
0,sain
0,sain
0,sain
0,sain
0,sain
0,sain
0,sain
0,sain
0,sain
0,sain
0,sain
0,sain
0,sain
0,sain
0,sain
0,sain
0,sain
0,sain
0,sain
0,sain
0,sain
0,sain
0,sain
0,sain
0,sain
0,sain
0,sain
0,sain
0,sain
0,sain
0,sain
0,sain
0,sain
0,sain
0,sain
0,sain
0,sain
0,sain
0,sain
0,sain
0,sain
0,sain
0,sain
0,sain
0,sain
0,sain
0,sain
0,sain
0,sain
0,sain
0,sain
0,sain
0,sain
0,sain
0,sain
0,sain
0,sain
0,sain
0,sain
0,sain
0,sain
0,sain
0,sain
0,sain
0,sain
0,sain
0,sain
0,sain
0,sain
0,sain
0,sain
0,sain
0,sain
0,sain
0,sain
0,sain
0,sain
0,sain
0,sain
0,sain
0,sain
0,sain
0,sain
0,sain
0,sain
0,sain
0,sain
0,sain
0,sain
0,sain
0,sain
0,sain
0,sain
0,sain
0,sain
0,sain
0,sain
0,sain
0,sain
0,sain
0,sain
0,sain
0,sain
0,sain
0,sain
0,sain
0,sain
0,sain
0,sain
0,sain
0,sain
0,sain
0,sain
0,sain
0,sain
0,sain
0,sain
0,sain
0,sain
0,sain
0,sain
0,sain
0,sain
0,sain
0,sain
0,sain
0,sain
0,sain
0,sain
0,sain
0,sain
0,sain
0,sain
0,sain
0,sain
0,sain
1,balourd
1,balourd
1,balourd
1,balourd
1,balourd
1,balourd
1,balourd
1,balourd
1,balourd
1,balourd
1,balourd
1,balourd
1,balourd
1,balourd
1,balourd
1,balourd
1,balourd
1,balourd
1,balourd
1,balourd
1,balourd
1,balourd
1,balourd
1,balourd
1,balourd
1,balourd
1,balourd
1,balourd
1,balourd
1,balourd
1,balourd
1,balourd
1,balourd
1,balourd
1,balourd
1,balourd
1,balourd
1,balourd
1,balourd
1,balourd
1,balourd
1,balourd
1,balourd
1,balourd
1,balourd
1,balourd
1,balourd
1,balourd
1,balourd
1,balourd
1,balourd
1,balourd
1,balourd
1,balourd
1,balourd
1,balourd
1,balourd
1,balourd
1,balourd
1,balourd
1,balourd
1,balourd
1,balourd
1,balourd
1,balourd
1,balourd
1,balourd
1,balourd
1,balourd
1,balourd
1,balourd
1,balourd
1,balourd
1,balourd
1,balourd
1,balourd
1,balourd
1,balourd
1,balourd
1,balourd
1,balourd
1,balourd
1,balourd
1,balourd
1,balourd
1,balourd
1,balourd
1,balourd
1,balourd
1,balourd
1,balourd
1,balourd
1,balourd
1,balourd
1,balourd
1,balourd
1,balourd
1,balourd
1,balourd
1,balourd
1,balourd
1,balourd
1,balourd
1,balourd
1,balourd
1,balourd
1,balourd
1,balourd
1,balourd
1,balourd
1,balourd
1,balourd
1,balourd
1,balourd
1,balourd
1,balourd
1,balourd
1,balourd
1,balourd
1,balourd
1,balourd
1,balourd
1,balourd
1,balourd
1,balourd
1,balourd
1,balourd
1,balourd
1,balourd
1,balourd
1,balourd
1,balourd
1,balourd
1,balourd
1,balourd
1,balourd
1,balourd
1,balourd
1,balourd
1,balourd
1,balourd
1,balourd
1,balourd
1,balourd
1,balourd
1,balourd
1,balourd
1,balourd
1,balourd
1,balourd
1,balourd
1,balourd
1,balourd
1,balourd
1,balourd
1,balourd
1,balourd
1,balourd
1,balourd
1,balourd
1,balourd
1,balourd
1,balourd
1,balourd
1,balourd
1,balourd
1,balourd
1,balourd
1,balourd
1,balourd
1,balourd
1,balourd
1,balourd
1,balourd
1,balourd
1,balourd
1,balourd
1,balourd
1,balourd
1,balourd
1,balourd
1,balourd
1,balourd
1,balourd
1,balourd
1,balourd
1,balourd
1,balourd
1,balourd
1,balourd
1,balourd
1,balourd
1,balourd
1,balourd
1,balourd
1,balourd
1,balourd
1,balourd
1,balourd
1,balourd
1,balourd
1,balourd
1,balourd
1,balourd
1,balourd
1,balourd
1,balourd
1,balourd
1,balourd
1,balourd
1,balourd
1,balourd
1,balourd
1,balourd
1,balourd
1,balourd
1,balourd
1,balourd
1,balourd
1,balourd
1,balourd
1,balourd
1,balourd
1,balourd
1,balourd
1,balourd
1,balourd
1,balourd
1,balourd
1,balourd
1,balourd
1,balourd
1,balourd
1,balourd
1,balourd
1,balourd
1,balourd
1,balourd
1,balourd
1,balourd
1,balourd
1,balourd
1,balourd
1,balourd
1,balourd
1,balourd
1,balourd
1,balourd
1,balourd
1,balourd
1,balourd
1,balourd
1,balourd
1,balourd
1,balourd
1,balourd
1,balourd
1,balourd
1,balourd
1,balourd
1,balourd
1,balourd
1,balourd
1,balourd
1,balourd
1,balourd
1,balourd
1,balourd
1,balourd
1,balourd
1,balourd
1,balourd
1,balourd
1,balourd
1,balourd
1,balourd
1,balourd
1,balourd
1,balourd
1,balourd
1,balourd
1,balourd
1,balourd
1,balourd
1,balourd
1,balourd
1,balourd
1,balourd
1,balourd
1,balourd
1,balourd
1,balourd
1,balourd
1,balourd
1,balourd
1,balourd
1,balourd
1,balourd
1,balourd
1,balourd
1,balourd
1,balourd
1,balourd
1,balourd
1,balourd
1,balourd
1,balourd
1,balourd
1,balourd
1,balourd
1,balourd
1,balourd
1,balourd
1,balourd
1,balourd
1,balourd
1,balourd
1,balourd
1,balourd
1,balourd
1,balourd
1,balourd
1,balourd
1,balourd
1,balourd
1,balourd
1,balourd
1,balourd
1,balourd
1,balourd
1,balourd
1,balourd
1,balourd
1,balourd
1,balourd
1,balourd
1,balourd
1,balourd
1,balourd
1,balourd
1,balourd
1,balourd
1,balourd
1,balourd
1,balourd
1,balourd
1,balourd
1,balourd
1,balourd
1,balourd
1,balourd
1,balourd
1,balourd
1,balourd
1,balourd
1,balourd
1,balourd
1,balourd
1,balourd
1,balourd
1,balourd
1,balourd
1,balourd
1,balourd
1,balourd
1,balourd
1,balourd
1,balourd
1,balourd
1,balourd
1,balourd
1,balourd
1,balourd
1,balourd
1,balourd
1,balourd
1,balourd
1,balourd
1,balourd
1,balourd
1,balourd
1,balourd
1,balourd
1,balourd
1,balourd
1,balourd
1,balourd
1,balourd
1,balourd
1,balourd
1,balourd
1,balourd
1,balourd
1,balourd
1,balourd
1,balourd
1,balourd
1,balourd
1,balourd
1,balourd
1,balourd
1,balourd
1,balourd
1,balourd
1,balourd
1,balourd
1,balourd
1,balourd
1,balourd
1,balourd
1,balourd
1,balourd
1,balourd
1,balourd
1,balourd
1,balourd
1,balourd
1,balourd
1,balourd
1,balourd
1,balourd
1,balourd
1,balourd
1,balourd
1,balourd
1,balourd
1,balourd
1,balourd
1,balourd
1,balourd
1,balourd
1,balourd
1,balourd
1,balourd
1,balourd
1,balourd
1,balourd
1,balourd
1,balourd
1,balourd
1,balourd
1,balourd
1,balourd
1,balourd
1,balourd
1,balourd
1,balourd
1,balourd
1,balourd
1,balourd
1,balourd
1,balourd
1,balourd
1,balourd
1,balourd
1,balourd
1,balourd
1,balourd
1,balourd
1,balourd
1,balourd
1,balourd
1,balourd
1,balourd
1,balourd
1,balourd
1,balourd
1,balourd
1,balourd
1,balourd
1,balourd
1,balourd
1,balourd
1,balourd
1,balourd
1,balourd
1,balourd
1,balourd
1,balourd
1,balourd
1,balourd
1,balourd
1,balourd
1,balourd
1,balourd
1,balourd
1,balourd
1,balourd
1,balourd
1,balourd
1,balourd
1,balourd
1,balourd
1,balourd
1,balourd
1,balourd
1,balourd
1,balourd
1,balourd
1,balourd
1,balourd
1,balourd
1,balourd
1,balourd
1,balourd
1,balourd
1,balourd
1,balourd
1,balourd
1,balourd
1,balourd
1,balourd
1,balourd
1,balourd
1,balourd
1,balourd
1,balourd
1,balourd
1,balourd
1,balourd
1,balourd
1,balourd
1,balourd
1,balourd
1,balourd
1,balourd
1,balourd
1,balourd
1,balourd
1,balourd
1,balourd
1,balourd
1,balourd
1,balourd
1,balourd
1,balourd
1,balourd
1,balourd
1,balourd
1,balourd
1,balourd
1,balourd
1,balourd
1,balourd
1,balourd
1,balourd
1,balourd
1,balourd
1,balourd
1,balourd
1,balourd
1,balourd
1,balourd
1,balourd
1,balourd
1,balourd
1,balourd
1,balourd
1,balourd
1,balourd
1,balourd
1,balourd
1,balourd
1,balourd
1,balourd
1,balourd
1,balourd
1,balourd
1,balourd
1,balourd
1,balourd
1,balourd
1,balourd
1,balourd
1,balourd
1,balourd
1,balourd
1,balourd
1,balourd
1,balourd
1,balourd
1,balourd
1,balourd
1,balourd
1,balourd
1,balourd
1,balourd
1,balourd
1,balourd
1,balourd
1,balourd
1,balourd
1,balourd
1,balourd
1,balourd
1,balourd
1,balourd
1,balourd
1,balourd
1,balourd
1,balourd
1,balourd
1,balourd
1,balourd
1,balourd
1,balourd
1,balourd
1,balourd
1,balourd
1,balourd
1,balourd
1,balourd
1,balourd
1,balourd
1,balourd
2,porteafaux
2,porteafaux
2,porteafaux
2,porteafaux
2,porteafaux
2,porteafaux
2,porteafaux
2,porteafaux
2,porteafaux
2,porteafaux
2,porteafaux
2,porteafaux
2,porteafaux
2,porteafaux
2,porteafaux
2,porteafaux
2,porteafaux
2,porteafaux
2,porteafaux
2,porteafaux
2,porteafaux
2,porteafaux
2,porteafaux
2,porteafaux
2,porteafaux
2,porteafaux
2,porteafaux
2,porteafaux
2,porteafaux
2,porteafaux
2,porteafaux
2,porteafaux
2,porteafaux
2,porteafaux
2,porteafaux
2,porteafaux
2,porteafaux
2,porteafaux
2,porteafaux
2,porteafaux
2,porteafaux
2,porteafaux
2,porteafaux
2,porteafaux
2,porteafaux
2,porteafaux
2,porteafaux
2,porteafaux
2,porteafaux
2,porteafaux
2,porteafaux
2,porteafaux
2,porteafaux
2,porteafaux
2,porteafaux
2,porteafaux
2,porteafaux
2,porteafaux
2,porteafaux
2,porteafaux
2,porteafaux
2,porteafaux
2,porteafaux
2,porteafaux
2,porteafaux
2,porteafaux
2,porteafaux
2,porteafaux
2,porteafaux
2,porteafaux
2,porteafaux
2,porteafaux
2,porteafaux
2,porteafaux
2,porteafaux
2,porteafaux
2,porteafaux
2,porteafaux
2,porteafaux
2,porteafaux
2,porteafaux
2,porteafaux
2,porteafaux
2,porteafaux
2,porteafaux
2,porteafaux
2,porteafaux
2,porteafaux
2,porteafaux
2,porteafaux
2,porteafaux
2,porteafaux
2,porteafaux
2,porteafaux
2,porteafaux
2,porteafaux
2,porteafaux
2,porteafaux
2,porteafaux
2,porteafaux
2,porteafaux
2,porteafaux
2,porteafaux
2,porteafaux
2,porteafaux
2,porteafaux
2,porteafaux
2,porteafaux
2,porteafaux
2,porteafaux
2,porteafaux
2,porteafaux
2,porteafaux
2,porteafaux
2,porteafaux
2,porteafaux
2,porteafaux
2,porteafaux
2,porteafaux
2,porteafaux
2,porteafaux
2,porteafaux
2,porteafaux
2,porteafaux
2,porteafaux
2,porteafaux
2,porteafaux
2,porteafaux
2,porteafaux
2,porteafaux
2,porteafaux
2,porteafaux
2,porteafaux
2,porteafaux
2,porteafaux
2,porteafaux
2,porteafaux
2,porteafaux
2,porteafaux
2,porteafaux
2,porteafaux
2,porteafaux
2,porteafaux
2,porteafaux
2,porteafaux
2,porteafaux
2,porteafaux
2,porteafaux
2,porteafaux
2,porteafaux
2,porteafaux
2,porteafaux
2,porteafaux
2,porteafaux
2,porteafaux
2,porteafaux
2,porteafaux
2,porteafaux
2,porteafaux
2,porteafaux
2,porteafaux
2,porteafaux
2,porteafaux
2,porteafaux
2,porteafaux
2,porteafaux
2,porteafaux
2,porteafaux
2,porteafaux
2,porteafaux
2,porteafaux
2,porteafaux
2,porteafaux
2,porteafaux
2,porteafaux
2,porteafaux
2,porteafaux
2,porteafaux
2,porteafaux
2,porteafaux
2,porteafaux
2,porteafaux
2,porteafaux
2,porteafaux
2,porteafaux
2,porteafaux
2,porteafaux
2,porteafaux
2,porteafaux
2,porteafaux
2,porteafaux
2,porteafaux
2,porteafaux
2,porteafaux
2,porteafaux
2,porteafaux
2,porteafaux
2,porteafaux
2,porteafaux
2,porteafaux
2,porteafaux
2,porteafaux
2,porteafaux
2,porteafaux
2,porteafaux
2,porteafaux
2,porteafaux
2,porteafaux
2,porteafaux
2,porteafaux
2,porteafaux
2,porteafaux
2,porteafaux
2,porteafaux
2,porteafaux
2,porteafaux
2,porteafaux
2,porteafaux
2,porteafaux
2,porteafaux
2,porteafaux
2,porteafaux
2,porteafaux
2,porteafaux
2,porteafaux
2,porteafaux
2,porteafaux
2,porteafaux
2,porteafaux
2,porteafaux
2,porteafaux
2,porteafaux
2,porteafaux
2,porteafaux
2,porteafaux
2,porteafaux
2,porteafaux
2,porteafaux
2,porteafaux
2,porteafaux
2,porteafaux
2,porteafaux
2,porteafaux
2,porteafaux
2,porteafaux
2,porteafaux
2,porteafaux
2,porteafaux
2,porteafaux
2,porteafaux
2,porteafaux
2,porteafaux
2,porteafaux
2,porteafaux
2,porteafaux
2,porteafaux
2,porteafaux
2,porteafaux
2,porteafaux
2,porteafaux
2,porteafaux
2,porteafaux
2,porteafaux
2,porteafaux
2,porteafaux
2,porteafaux
2,porteafaux
2,porteafaux
2,porteafaux
2,porteafaux
2,porteafaux
2,porteafaux
2,porteafaux
2,porteafaux
2,porteafaux
2,porteafaux
2,porteafaux
2,porteafaux
2,porteafaux
2,porteafaux
2,porteafaux
2,porteafaux
2,porteafaux
2,porteafaux
2,porteafaux
2,porteafaux
2,porteafaux
2,porteafaux
2,porteafaux
2,porteafaux
2,porteafaux
2,porteafaux
2,porteafaux
2,porteafaux
2,porteafaux
2,porteafaux
2,porteafaux
2,porteafaux
2,porteafaux
2,porteafaux
2,porteafaux
2,porteafaux
2,porteafaux
2,porteafaux
2,porteafaux
2,porteafaux
2,porteafaux
2,porteafaux
2,porteafaux
2,porteafaux
2,porteafaux
2,porteafaux
2,porteafaux
2,porteafaux
2,porteafaux
2,porteafaux
2,porteafaux
2,porteafaux
2,porteafaux
2,porteafaux
2,porteafaux
2,porteafaux
2,porteafaux
2,porteafaux
2,porteafaux
2,porteafaux
2,porteafaux
2,porteafaux
2,porteafaux
2,porteafaux
2,porteafaux
2,porteafaux
2,porteafaux
2,porteafaux
2,porteafaux
2,porteafaux
2,porteafaux
2,porteafaux
2,porteafaux
2,porteafaux
2,porteafaux
2,porteafaux
2,porteafaux
2,porteafaux
2,porteafaux
2,porteafaux
2,porteafaux
2,porteafaux
2,porteafaux
2,porteafaux
2,porteafaux
2,porteafaux
2,porteafaux
2,porteafaux
2,porteafaux
2,porteafaux
2,porteafaux
2,porteafaux
2,porteafaux
2,porteafaux
2,porteafaux
2,porteafaux
2,porteafaux
2,porteafaux
2,porteafaux
2,porteafaux
2,porteafaux
2,porteafaux
2,porteafaux
2,porteafaux
2,porteafaux
2,porteafaux
2,porteafaux
2,porteafaux
2,porteafaux
2,porteafaux
2,porteafaux
2,porteafaux
2,porteafaux
2,porteafaux
2,porteafaux
2,porteafaux
2,porteafaux
2,porteafaux
2,porteafaux
2,porteafaux
2,porteafaux
2,porteafaux
2,porteafaux
2,porteafaux
2,porteafaux
2,porteafaux
2,porteafaux
2,porteafaux
2,porteafaux
2,porteafaux
2,porteafaux
2,porteafaux
2,porteafaux
2,porteafaux
2,porteafaux
2,porteafaux
2,porteafaux
2,porteafaux
2,porteafaux
2,porteafaux
2,porteafaux
2,porteafaux
2,porteafaux
2,porteafaux
2,porteafaux
2,porteafaux
2,porteafaux
2,porteafaux
2,porteafaux
2,porteafaux
2,porteafaux
2,porteafaux
2,porteafaux
2,porteafaux
2,porteafaux
2,porteafaux
2,porteafaux
2,porteafaux
2,porteafaux
2,porteafaux
2,porteafaux
2,porteafaux
2,porteafaux
2,porteafaux
2,porteafaux
2,porteafaux
2,porteafaux
2,porteafaux
2,porteafaux
2,porteafaux
2,porteafaux
2,porteafaux
2,porteafaux
2,porteafaux
2,porteafaux
2,porteafaux
2,porteafaux
2,porteafaux
2,porteafaux
2,porteafaux
2,porteafaux
2,porteafaux
2,porteafaux
2,porteafaux
2,porteafaux
2,porteafaux
2,porteafaux
2,porteafaux
2,porteafaux
2,porteafaux
2,porteafaux
2,porteafaux
2,porteafaux
2,porteafaux
2,porteafaux
2,porteafaux
2,porteafaux
2,porteafaux
2,porteafaux
2,porteafaux
2,porteafaux
2,porteafaux
2,porteafaux
2,porteafaux
2,porteafaux
2,porteafaux
2,porteafaux
2,porteafaux
2,porteafaux
2,porteafaux
2,porteafaux
2,porteafaux
2,porteafaux
2,porteafaux
2,porteafaux
2,porteafaux
2,porteafaux
2,porteafaux
2,porteafaux
2,porteafaux
2,porteafaux
2,porteafaux
2,porteafaux
2,porteafaux
2,porteafaux
2,porteafaux
2,porteafaux
2,porteafaux
2,porteafaux
2,porteafaux
2,porteafaux
2,porteafaux
2,porteafaux
2,porteafaux
2,porteafaux
2,porteafaux
2,porteafaux
2,porteafaux
2,porteafaux
2,porteafaux
2,porteafaux
2,porteafaux
2,porteafaux
2,porteafaux
2,porteafaux
2,porteafaux
2,porteafaux
2,porteafaux
2,porteafaux
2,porteafaux
2,porteafaux
2,porteafaux
2,porteafaux
2,porteafaux
2,porteafaux
2,porteafaux
2,porteafaux
2,porteafaux
2,porteafaux
2,porteafaux
2,porteafaux
2,porteafaux
2,porteafaux
2,porteafaux
2,porteafaux
2,porteafaux
2,porteafaux
2,porteafaux
2,porteafaux
2,porteafaux
2,porteafaux
2,porteafaux
2,porteafaux
2,porteafaux
2,porteafaux
2,porteafaux
2,porteafaux
2,porteafaux
2,porteafaux
2,porteafaux
2,porteafaux
2,porteafaux
2,porteafaux
2,porteafaux
2,porteafaux
2,porteafaux
2,porteafaux
2,porteafaux
2,porteafaux
2,porteafaux
2,porteafaux
2,porteafaux
2,porteafaux
2,porteafaux
2,porteafaux
2,porteafaux
2,porteafaux
2,porteafaux
2,porteafaux
2,porteafaux
2,porteafaux
2,porteafaux
2,porteafaux
2,porteafaux
2,porteafaux
2,porteafaux
2,porteafaux
2,porteafaux
2,porteafaux
2,porteafaux
2,porteafaux
2,porteafaux
2,porteafaux
2,porteafaux
2,porteafaux
2,porteafaux
2,porteafaux
2,porteafaux
2,porteafaux
2,porteafaux
2,porteafaux
2,porteafaux
2,porteafaux
2,porteafaux
2,porteafaux
2,porteafaux
2,porteafaux
2,porteafaux
2,porteafaux
2,porteafaux
2,porteafaux
2,porteafaux
2,porteafaux
2,porteafaux
2,porteafaux
2,porteafaux
2,porteafaux
2,porteafaux
2,porteafaux
2,porteafaux
2,porteafaux
2,porteafaux
2,porteafaux
2,porteafaux
2,porteafaux
